گپارس,http://www.tsetmc.com/loader.aspx?ParTree=151311&i=59848307608894801
گوهران,http://www.tsetmc.com/loader.aspx?ParTree=151311&i=65018804181564924
گوهر2,http://www.tsetmc.com/loader.aspx?ParTree=151311&i=35757908588761589
گوهر,http://www.tsetmc.com/loader.aspx?ParTree=151311&i=12390706505809150
گكيش,http://www.tsetmc.com/loader.aspx?ParTree=151311&i=44665761767777759
گكوثر,http://www.tsetmc.com/loader.aspx?ParTree=151311&i=66599109405217136
چكاپا,http://www.tsetmc.com/loader.aspx?ParTree=151311&i=12329915567896606
چكاوه,http://www.tsetmc.com/loader.aspx?ParTree=151311&i=24254843881948059
چكارم,http://www.tsetmc.com/loader.aspx?ParTree=151311&i=59887423232292688
چفيبر,http://www.tsetmc.com/loader.aspx?ParTree=151311&i=64358061873294912
چدن,http://www.tsetmc.com/loader.aspx?ParTree=151311&i=12329519546621752
چافست,http://www.tsetmc.com/loader.aspx?ParTree=151311&i=23936607891892333
پلوله,http://www.tsetmc.com/loader.aspx?ParTree=151311&i=29316948750916349
پلاسك,http://www.tsetmc.com/loader.aspx?ParTree=151311&i=57722642338781674
پلاست,http://www.tsetmc.com/loader.aspx?ParTree=151311&i=52593789542874668
پكوير,http://www.tsetmc.com/loader.aspx?ParTree=151311&i=7235435095059069
پكرمان,http://www.tsetmc.com/loader.aspx?ParTree=151311&i=23214828924506640
پشاهن,http://www.tsetmc.com/loader.aspx?ParTree=151311&i=44052047028305231
پسهند,http://www.tsetmc.com/loader.aspx?ParTree=151311&i=10120557300120078
پرديس,http://www.tsetmc.com/loader.aspx?ParTree=151311&i=15039949673085566
پرداخت,http://www.tsetmc.com/loader.aspx?ParTree=151311&i=59607545337891226
پدرخش,http://www.tsetmc.com/loader.aspx?ParTree=151311&i=24079409192818584
پترول,http://www.tsetmc.com/loader.aspx?ParTree=151311&i=69143674941561637
پتاير,http://www.tsetmc.com/loader.aspx?ParTree=151311&i=41935584690956944
پاكشو,http://www.tsetmc.com/loader.aspx?ParTree=151311&i=62786156501584862
پاسا,http://www.tsetmc.com/loader.aspx?ParTree=151311&i=63580313877463104
پارند,http://www.tsetmc.com/loader.aspx?ParTree=151311&i=70595828753641750
پارسيان,http://www.tsetmc.com/loader.aspx?ParTree=151311&i=9481703061634967
پارسان,http://www.tsetmc.com/loader.aspx?ParTree=151311&i=23441366113375722
وگستر,http://www.tsetmc.com/loader.aspx?ParTree=151311&i=43951910415124966
وگردش,http://www.tsetmc.com/loader.aspx?ParTree=151311&i=66790687790437196
وپست,http://www.tsetmc.com/loader.aspx?ParTree=151311&i=22087269603540841
وپخش,http://www.tsetmc.com/loader.aspx?ParTree=151311&i=7183333492448248
وپترو,http://www.tsetmc.com/loader.aspx?ParTree=151311&i=59486059679335017
وپارس,http://www.tsetmc.com/loader.aspx?ParTree=151311&i=33293588228706998
وهور,http://www.tsetmc.com/loader.aspx?ParTree=151311&i=25215182208950217
ونيكي,http://www.tsetmc.com/loader.aspx?ParTree=151311&i=25336820825905643
ونيروح,http://www.tsetmc.com/loader.aspx?ParTree=151311&i=59061939785593482
ونيرو,http://www.tsetmc.com/loader.aspx?ParTree=151311&i=62603302940123327
ونوين,http://www.tsetmc.com/loader.aspx?ParTree=151311&i=47302318535715632
ونفت,http://www.tsetmc.com/loader.aspx?ParTree=151311&i=33931218652865616
ومعادن,http://www.tsetmc.com/loader.aspx?ParTree=151311&i=58931793851445922
ولملت,http://www.tsetmc.com/loader.aspx?ParTree=151311&i=11403770140000603
ولغدر,http://www.tsetmc.com/loader.aspx?ParTree=151311&i=23086515493897579
ولصنم,http://www.tsetmc.com/loader.aspx?ParTree=151311&i=71744682148776880
ولشرق,http://www.tsetmc.com/loader.aspx?ParTree=151311&i=31078457170311964
ولساپا,http://www.tsetmc.com/loader.aspx?ParTree=151311&i=45174198424472334
ولراز,http://www.tsetmc.com/loader.aspx?ParTree=151311&i=12901875871456398
ولبهمن,http://www.tsetmc.com/loader.aspx?ParTree=151311&i=48287670503317419
ولانا,http://www.tsetmc.com/loader.aspx?ParTree=151311&i=66830065858417081
وكوثر,http://www.tsetmc.com/loader.aspx?ParTree=151311&i=41036181221659834
وكار,http://www.tsetmc.com/loader.aspx?ParTree=151311&i=47996917271187218
وكادو,http://www.tsetmc.com/loader.aspx?ParTree=151311&i=56717416662584054
وغدير,http://www.tsetmc.com/loader.aspx?ParTree=151311&i=26014913469567886
وصنعت,http://www.tsetmc.com/loader.aspx?ParTree=151311&i=57309221039930244
وصندوق,http://www.tsetmc.com/loader.aspx?ParTree=151311&i=37204371816016200
وصناح,http://www.tsetmc.com/loader.aspx?ParTree=151311&i=15406006540387078
وصنا,http://www.tsetmc.com/loader.aspx?ParTree=151311&i=46982154647719707
وشمال,http://www.tsetmc.com/loader.aspx?ParTree=151311&i=9761381741308262
وسپه,http://www.tsetmc.com/loader.aspx?ParTree=151311&i=2328862017676109
وسينا,http://www.tsetmc.com/loader.aspx?ParTree=151311&i=45050389997905274
وسين,http://www.tsetmc.com/loader.aspx?ParTree=151311&i=56591881518499520
وسنا,http://www.tsetmc.com/loader.aspx?ParTree=151311&i=24662567615903665
وسكاب,http://www.tsetmc.com/loader.aspx?ParTree=151311&i=11258722998911897
وسرمد,http://www.tsetmc.com/loader.aspx?ParTree=151311&i=43291783149314349
وسديد,http://www.tsetmc.com/loader.aspx?ParTree=151311&i=41713045190742691
وسبحان,http://www.tsetmc.com/loader.aspx?ParTree=151311&i=43283802997035462
وساپا,http://www.tsetmc.com/loader.aspx?ParTree=151311&i=37614886280396031
وساخت,http://www.tsetmc.com/loader.aspx?ParTree=151311&i=25514780181345713
ورنا,http://www.tsetmc.com/loader.aspx?ParTree=151311&i=7385624172574740
ورازي,http://www.tsetmc.com/loader.aspx?ParTree=151311&i=60079434631497942
ودي,http://www.tsetmc.com/loader.aspx?ParTree=151311&i=43966385447049549
وخاور,http://www.tsetmc.com/loader.aspx?ParTree=151311&i=47333458678352378
وخارزم,http://www.tsetmc.com/loader.aspx?ParTree=151311&i=7395271748414592
وحكمت,http://www.tsetmc.com/loader.aspx?ParTree=151311&i=12777578088653944
وحافظ,http://www.tsetmc.com/loader.aspx?ParTree=151311&i=5128151910501174
وجامي,http://www.tsetmc.com/loader.aspx?ParTree=151311&i=57600064931636077
وثوق,http://www.tsetmc.com/loader.aspx?ParTree=151311&i=59839275647597021
وثنو,http://www.tsetmc.com/loader.aspx?ParTree=151311&i=44986797317463049
وثخوز,http://www.tsetmc.com/loader.aspx?ParTree=151311&i=40043919653526083
وتوكا,http://www.tsetmc.com/loader.aspx?ParTree=151311&i=47232550823972469
وتوصا,http://www.tsetmc.com/loader.aspx?ParTree=151311&i=2944500421562364
وتوشه,http://www.tsetmc.com/loader.aspx?ParTree=151311&i=54676885047867737
وتوسم,http://www.tsetmc.com/loader.aspx?ParTree=151311&i=17528249960294496
وتوس,http://www.tsetmc.com/loader.aspx?ParTree=151311&i=68117765376081366
وتعاون,http://www.tsetmc.com/loader.aspx?ParTree=151311&i=27361263980884014
وتجارت,http://www.tsetmc.com/loader.aspx?ParTree=151311&i=63917421733088077
وبيمه,http://www.tsetmc.com/loader.aspx?ParTree=151311&i=11773403764702778
وبوعلي,http://www.tsetmc.com/loader.aspx?ParTree=151311&i=28328710198554144
وبهمن,http://www.tsetmc.com/loader.aspx?ParTree=151311&i=18063426072758458
وبملت,http://www.tsetmc.com/loader.aspx?ParTree=151311&i=778253364357513
وبصادر,http://www.tsetmc.com/loader.aspx?ParTree=151311&i=28320293733348826
وبشهر,http://www.tsetmc.com/loader.aspx?ParTree=151311&i=13937270451301973
وبرق,http://www.tsetmc.com/loader.aspx?ParTree=151311&i=61298636307861167
وبانك2,http://www.tsetmc.com/loader.aspx?ParTree=151311&i=54673174426920491
وبانك,http://www.tsetmc.com/loader.aspx?ParTree=151311&i=48010225447410247
وبانک,http://www.tsetmc.com/loader.aspx?ParTree=151311&i=48010225447410247
وايران,http://www.tsetmc.com/loader.aspx?ParTree=151311&i=3149396562827132
وايرا,http://www.tsetmc.com/loader.aspx?ParTree=151311&i=9141577977527107
وانصار,http://www.tsetmc.com/loader.aspx?ParTree=151311&i=49776615757150035
واميد,http://www.tsetmc.com/loader.aspx?ParTree=151311&i=52232388263291380
والبر,http://www.tsetmc.com/loader.aspx?ParTree=151311&i=57944184894703821
واعتبار,http://www.tsetmc.com/loader.aspx?ParTree=151311&i=47841327496247362
واحيا,http://www.tsetmc.com/loader.aspx?ParTree=151311&i=17284166795866794
واحصا,http://www.tsetmc.com/loader.aspx?ParTree=151311&i=53647874954005806
واتي,http://www.tsetmc.com/loader.aspx?ParTree=151311&i=33541897671561960
وآفري,http://www.tsetmc.com/loader.aspx?ParTree=151311&i=19839750988634567
وآرين,http://www.tsetmc.com/loader.aspx?ParTree=151311&i=24212636157410845
وآذر,http://www.tsetmc.com/loader.aspx?ParTree=151311&i=1358190916156744
وآتوس,http://www.tsetmc.com/loader.aspx?ParTree=151311&i=17269972595370241
همراه,http://www.tsetmc.com/loader.aspx?ParTree=151311&i=68635710163497089
هرمز,http://www.tsetmc.com/loader.aspx?ParTree=151311&i=70498485598181604
نيرو,http://www.tsetmc.com/loader.aspx?ParTree=151311&i=39481233087768672
نوين,http://www.tsetmc.com/loader.aspx?ParTree=151311&i=40241078769533838
نمرينوح,http://www.tsetmc.com/loader.aspx?ParTree=151311&i=2855515398698068
نمرينو,http://www.tsetmc.com/loader.aspx?ParTree=151311&i=30231789123900526
نتوس,http://www.tsetmc.com/loader.aspx?ParTree=151311&i=22950683624908253
مپارس712,http://www.tsetmc.com/loader.aspx?ParTree=151311&i=21882157573022356
ميهن,http://www.tsetmc.com/loader.aspx?ParTree=151311&i=26543014712914772
ميدكو,http://www.tsetmc.com/loader.aspx?ParTree=151311&i=24018878640527909
منفت9810,http://www.tsetmc.com/loader.aspx?ParTree=151311&i=65184217531006956
ممسني,http://www.tsetmc.com/loader.aspx?ParTree=151311&i=7505990056227818
ملت,http://www.tsetmc.com/loader.aspx?ParTree=151311&i=13611044044646901
مفاخر,http://www.tsetmc.com/loader.aspx?ParTree=151311&i=4247709727327181
مغرب9712,http://www.tsetmc.com/loader.aspx?ParTree=151311&i=48473424141771292
مصفها712,http://www.tsetmc.com/loader.aspx?ParTree=151311&i=57934534758703700
مصفا9712,http://www.tsetmc.com/loader.aspx?ParTree=151311&i=17920769052842799
مشير9711,http://www.tsetmc.com/loader.aspx?ParTree=151311&i=36534254738240719
مشهد971,http://www.tsetmc.com/loader.aspx?ParTree=151311&i=43969323260064775
مرقام,http://www.tsetmc.com/loader.aspx?ParTree=151311&i=23838634016123354
مداران,http://www.tsetmc.com/loader.aspx?ParTree=151311&i=65999092673039059
مترو9812,http://www.tsetmc.com/loader.aspx?ParTree=151311&i=1072964149653157
مبين2,http://www.tsetmc.com/loader.aspx?ParTree=151311&i=46123169145162435
مبين,http://www.tsetmc.com/loader.aspx?ParTree=151311&i=27922860956133067
مبین,http://www.tsetmc.com/loader.aspx?ParTree=151311&i=27922860956133067
ماهان99,http://www.tsetmc.com/loader.aspx?ParTree=151311&i=7938904494569702
مارون,http://www.tsetmc.com/loader.aspx?ParTree=151311&i=53449700212786324
ما,http://www.tsetmc.com/loader.aspx?ParTree=151311&i=29860265627578401
لپيام,http://www.tsetmc.com/loader.aspx?ParTree=151311&i=793710053482057
لپارس,http://www.tsetmc.com/loader.aspx?ParTree=151311&i=5187018329202415
لكما,http://www.tsetmc.com/loader.aspx?ParTree=151311&i=45641540066710190
لسرما,http://www.tsetmc.com/loader.aspx?ParTree=151311&i=55897939403232751
لخزر,http://www.tsetmc.com/loader.aspx?ParTree=151311&i=65414507129586385
لخانه,http://www.tsetmc.com/loader.aspx?ParTree=151311&i=56006915451245411
لبوتان,http://www.tsetmc.com/loader.aspx?ParTree=151311&i=30650426998863332
لازما,http://www.tsetmc.com/loader.aspx?ParTree=151311&i=50368344235826302
كگلح,http://www.tsetmc.com/loader.aspx?ParTree=151311&i=62810990108260391
كگل,http://www.tsetmc.com/loader.aspx?ParTree=151311&i=35700344742885862
كگاز,http://www.tsetmc.com/loader.aspx?ParTree=151311&i=62346804681275278
كپشير,http://www.tsetmc.com/loader.aspx?ParTree=151311&i=57639364758870873
كپرور,http://www.tsetmc.com/loader.aspx?ParTree=151311&i=22941065011246116
كپارس,http://www.tsetmc.com/loader.aspx?ParTree=151311&i=9698674686691945
كيميا,http://www.tsetmc.com/loader.aspx?ParTree=151311&i=27814844870305607
كيسون,http://www.tsetmc.com/loader.aspx?ParTree=151311&i=49953653111442595
كيان,http://www.tsetmc.com/loader.aspx?ParTree=151311&i=53251602435454519
كي بي سي,http://www.tsetmc.com/loader.aspx?ParTree=151311&i=62977319271289925
كوثر,http://www.tsetmc.com/loader.aspx?ParTree=151311&i=22275596386264204
كهمدا,http://www.tsetmc.com/loader.aspx?ParTree=151311&i=67206358287598044
كهرام,http://www.tsetmc.com/loader.aspx?ParTree=151311&i=11278802993290837
كنور,http://www.tsetmc.com/loader.aspx?ParTree=151311&i=20411759370751096
كمنگنز,http://www.tsetmc.com/loader.aspx?ParTree=151311&i=50341528161302545
كمند,http://www.tsetmc.com/loader.aspx?ParTree=151311&i=34718633636164421
كمرجانح,http://www.tsetmc.com/loader.aspx?ParTree=151311&i=39683880301779506
كمرجان,http://www.tsetmc.com/loader.aspx?ParTree=151311&i=50633804639547462
كماسه,http://www.tsetmc.com/loader.aspx?ParTree=151311&i=67690708346979840
كلوند,http://www.tsetmc.com/loader.aspx?ParTree=151311&i=32678431934327184
كقزوي,http://www.tsetmc.com/loader.aspx?ParTree=151311&i=63499217872110599
كفرا,http://www.tsetmc.com/loader.aspx?ParTree=151311&i=23837844039713715
كفرآور,http://www.tsetmc.com/loader.aspx?ParTree=151311&i=49627523909849331
كطبس,http://www.tsetmc.com/loader.aspx?ParTree=151311&i=8977369674477111
كصدف,http://www.tsetmc.com/loader.aspx?ParTree=151311&i=42696242981550091
كشرق,http://www.tsetmc.com/loader.aspx?ParTree=151311&i=42690477960659940
كسعدي,http://www.tsetmc.com/loader.aspx?ParTree=151311&i=29122854902865456
كسرام,http://www.tsetmc.com/loader.aspx?ParTree=151311&i=20560887114747719
كسرا,http://www.tsetmc.com/loader.aspx?ParTree=151311&i=4614779520007780
كساپا,http://www.tsetmc.com/loader.aspx?ParTree=151311&i=28325731560106431
كساوه,http://www.tsetmc.com/loader.aspx?ParTree=151311&i=25001509088465005
كروي,http://www.tsetmc.com/loader.aspx?ParTree=151311&i=22787503301679573
كرمان98,http://www.tsetmc.com/loader.aspx?ParTree=151311&i=8152002614711054
كرمان,http://www.tsetmc.com/loader.aspx?ParTree=151311&i=50792786683910016
كرماشا,http://www.tsetmc.com/loader.aspx?ParTree=151311&i=38437201078089290
كرج97,http://www.tsetmc.com/loader.aspx?ParTree=151311&i=18606531596412776
كرازي,http://www.tsetmc.com/loader.aspx?ParTree=151311&i=57086055330734195
كدما,http://www.tsetmc.com/loader.aspx?ParTree=151311&i=3623921205367364
كخاك,http://www.tsetmc.com/loader.aspx?ParTree=151311&i=16405556680571453
كحافظ,http://www.tsetmc.com/loader.aspx?ParTree=151311&i=32257753560585502
كتوكا,http://www.tsetmc.com/loader.aspx?ParTree=151311&i=65671173927025645
كترام,http://www.tsetmc.com/loader.aspx?ParTree=151311&i=24085906177899789
كبافق,http://www.tsetmc.com/loader.aspx?ParTree=151311&i=43256212620530446
كايتا,http://www.tsetmc.com/loader.aspx?ParTree=151311&i=45608932669358493
كاوه,http://www.tsetmc.com/loader.aspx?ParTree=151311&i=60350996279289099
کاوه,http://www.tsetmc.com/loader.aspx?ParTree=151311&i=60350996279289099
كاما,http://www.tsetmc.com/loader.aspx?ParTree=151311&i=4942127026063388
كالا4,http://www.tsetmc.com/loader.aspx?ParTree=151311&i=18136496510495835
كالا2,http://www.tsetmc.com/loader.aspx?ParTree=151311&i=9056363822920274
كاريس,http://www.tsetmc.com/loader.aspx?ParTree=151311&i=69067576215760005
كاردان,http://www.tsetmc.com/loader.aspx?ParTree=151311&i=65023851436340574
كاذر,http://www.tsetmc.com/loader.aspx?ParTree=151311&i=49353447565507376
كابگن,http://www.tsetmc.com/loader.aspx?ParTree=151311&i=10654052153538617
قچار,http://www.tsetmc.com/loader.aspx?ParTree=151311&i=23600798892801694
قپيرا,http://www.tsetmc.com/loader.aspx?ParTree=151311&i=67030488744129337
قهكمت,http://www.tsetmc.com/loader.aspx?ParTree=151311&i=14398278072324784
قنيشا,http://www.tsetmc.com/loader.aspx?ParTree=151311&i=63380098535169030
قنقش,http://www.tsetmc.com/loader.aspx?ParTree=151311&i=34454945407422432
قمرو,http://www.tsetmc.com/loader.aspx?ParTree=151311&i=43342306308122676
قلرست,http://www.tsetmc.com/loader.aspx?ParTree=151311&i=56820995669577571
قصفها,http://www.tsetmc.com/loader.aspx?ParTree=151311&i=40411537531154482
قشير,http://www.tsetmc.com/loader.aspx?ParTree=151311&i=71523986304961239
قشهد,http://www.tsetmc.com/loader.aspx?ParTree=151311&i=37631109616997982
قشكر,http://www.tsetmc.com/loader.aspx?ParTree=151311&i=35964395659427029
قزوين,http://www.tsetmc.com/loader.aspx?ParTree=151311&i=15259343650667588
قجام,http://www.tsetmc.com/loader.aspx?ParTree=151311&i=28230238564334914
قثابت,http://www.tsetmc.com/loader.aspx?ParTree=151311&i=44967158778304588
قاسم,http://www.tsetmc.com/loader.aspx?ParTree=151311&i=34540569618314880
فپنتا,http://www.tsetmc.com/loader.aspx?ParTree=151311&i=68488673556087148
فيروزه,http://www.tsetmc.com/loader.aspx?ParTree=151311&i=66036975502302203
فيروزا,http://www.tsetmc.com/loader.aspx?ParTree=151311&i=10795723506538053
فولاژ,http://www.tsetmc.com/loader.aspx?ParTree=151311&i=40808043719554948
فولاي,http://www.tsetmc.com/loader.aspx?ParTree=151311&i=14800142337291217
فولاد97,http://www.tsetmc.com/loader.aspx?ParTree=151311&i=47210762212328025
فولاد,http://www.tsetmc.com/loader.aspx?ParTree=151311&i=46348559193224090
فوكا,http://www.tsetmc.com/loader.aspx?ParTree=151311&i=66514709341259550
فنورد,http://www.tsetmc.com/loader.aspx?ParTree=151311&i=56324206651661881
فنوال,http://www.tsetmc.com/loader.aspx?ParTree=151311&i=57875847776839336
فن آوا,http://www.tsetmc.com/loader.aspx?ParTree=151311&i=55201604487356053
فملي,http://www.tsetmc.com/loader.aspx?ParTree=151311&i=35425587644337450
فملی,http://www.tsetmc.com/loader.aspx?ParTree=151311&i=35425587644337450
فلوله,http://www.tsetmc.com/loader.aspx?ParTree=151311&i=48623320733330408
فلامي,http://www.tsetmc.com/loader.aspx?ParTree=151311&i=25286509736208688
فلاتح,http://www.tsetmc.com/loader.aspx?ParTree=151311&i=66842081487196389
فلات,http://www.tsetmc.com/loader.aspx?ParTree=151311&i=60633055620418060
فسپا,http://www.tsetmc.com/loader.aspx?ParTree=151311&i=8977441217024425
فسلير,http://www.tsetmc.com/loader.aspx?ParTree=151311&i=43026118635839182
فسرب,http://www.tsetmc.com/loader.aspx?ParTree=151311&i=54277068923045214
فسا,http://www.tsetmc.com/loader.aspx?ParTree=151311&i=318005355896147
فزرين,http://www.tsetmc.com/loader.aspx?ParTree=151311&i=43716452378323683
فروس,http://www.tsetmc.com/loader.aspx?ParTree=151311&i=54419429862704331
فرابورس,http://www.tsetmc.com/loader.aspx?ParTree=151311&i=57100097091423436
فرآور,http://www.tsetmc.com/loader.aspx?ParTree=151311&i=408934423224097
فخوز,http://www.tsetmc.com/loader.aspx?ParTree=151311&i=28864540805361867
فخاسح,http://www.tsetmc.com/loader.aspx?ParTree=151311&i=5550649038347558
فخاس,http://www.tsetmc.com/loader.aspx?ParTree=151311&i=4733285133017464
فجر,http://www.tsetmc.com/loader.aspx?ParTree=151311&i=41302553376174581
فبيرا,http://www.tsetmc.com/loader.aspx?ParTree=151311&i=49399017998386087
فباهنر,http://www.tsetmc.com/loader.aspx?ParTree=151311&i=66772024744156373
فاهواز,http://www.tsetmc.com/loader.aspx?ParTree=151311&i=44296315953738727
فاما,http://www.tsetmc.com/loader.aspx?ParTree=151311&i=34673681828119297
فالوم2,http://www.tsetmc.com/loader.aspx?ParTree=151311&i=35463262656492120
فالوم,http://www.tsetmc.com/loader.aspx?ParTree=151311&i=19367527798307032
فاسمين,http://www.tsetmc.com/loader.aspx?ParTree=151311&i=66701874099226162
فارس,http://www.tsetmc.com/loader.aspx?ParTree=151311&i=25244329144808274
فاراك,http://www.tsetmc.com/loader.aspx?ParTree=151311&i=20865316761157979
غگلپا,http://www.tsetmc.com/loader.aspx?ParTree=151311&i=14312030900097668
غگلستا,http://www.tsetmc.com/loader.aspx?ParTree=151311&i=64843936383937546
غگل,http://www.tsetmc.com/loader.aspx?ParTree=151311&i=22299894048845903
غچين,http://www.tsetmc.com/loader.aspx?ParTree=151311&i=44850033148208596
غپينو,http://www.tsetmc.com/loader.aspx?ParTree=151311&i=18401147983387689
غپاك,http://www.tsetmc.com/loader.aspx?ParTree=151311&i=34032872653290886
غپآذر,http://www.tsetmc.com/loader.aspx?ParTree=151311&i=45518744711972166
غمينو,http://www.tsetmc.com/loader.aspx?ParTree=151311&i=5516102131364383
غمهرا,http://www.tsetmc.com/loader.aspx?ParTree=151311&i=6131290133202745
غمارگ,http://www.tsetmc.com/loader.aspx?ParTree=151311&i=52975109254504632
غفارس,http://www.tsetmc.com/loader.aspx?ParTree=151311&i=16410724132711490
غصينو,http://www.tsetmc.com/loader.aspx?ParTree=151311&i=31316784129157162
غشوكو,http://www.tsetmc.com/loader.aspx?ParTree=151311&i=51294484197536070
غشهداب,http://www.tsetmc.com/loader.aspx?ParTree=151311&i=33611155027418901
غشهد,http://www.tsetmc.com/loader.aspx?ParTree=151311&i=20487994977117557
غشصفا,http://www.tsetmc.com/loader.aspx?ParTree=151311&i=61506294208022391
غشان,http://www.tsetmc.com/loader.aspx?ParTree=151311&i=31791737198597563
غشاذر,http://www.tsetmc.com/loader.aspx?ParTree=151311&i=59921975187856916
غسالم,http://www.tsetmc.com/loader.aspx?ParTree=151311&i=28672095850798501
غديس,http://www.tsetmc.com/loader.aspx?ParTree=151311&i=3492952121304423
غبهنوش,http://www.tsetmc.com/loader.aspx?ParTree=151311&i=17059960254855208
غبشهر,http://www.tsetmc.com/loader.aspx?ParTree=151311&i=42387718866026650
غالبر,http://www.tsetmc.com/loader.aspx?ParTree=151311&i=24303422207378456
غاذر,http://www.tsetmc.com/loader.aspx?ParTree=151311&i=35158826900216508
عيار,http://www.tsetmc.com/loader.aspx?ParTree=151311&i=34144395039913458
عسپاها2,http://www.tsetmc.com/loader.aspx?ParTree=151311&i=30515681553076167
عساپا1,http://www.tsetmc.com/loader.aspx?ParTree=151311&i=50875684022033318
طلا2,http://www.tsetmc.com/loader.aspx?ParTree=151311&i=68285083509815728
طلا,http://www.tsetmc.com/loader.aspx?ParTree=151311&i=46700660505281786
ضگل8019,http://www.tsetmc.com/loader.aspx?ParTree=151311&i=12164504994156338
ضگل8016,http://www.tsetmc.com/loader.aspx?ParTree=151311&i=5149697516975031
ضفلا8023,http://www.tsetmc.com/loader.aspx?ParTree=151311&i=66983335214896290
ضفلا8022,http://www.tsetmc.com/loader.aspx?ParTree=151311&i=12684021769295032
ضفلا8021,http://www.tsetmc.com/loader.aspx?ParTree=151311&i=43768207354086263
ضشنا7015,http://www.tsetmc.com/loader.aspx?ParTree=151311&i=5756271165327861
ضشنا7014,http://www.tsetmc.com/loader.aspx?ParTree=151311&i=48363314839859405
ضشنا7013,http://www.tsetmc.com/loader.aspx?ParTree=151311&i=1701175506624540
ضسان7014,http://www.tsetmc.com/loader.aspx?ParTree=151311&i=29355391289770220
ضسان7013,http://www.tsetmc.com/loader.aspx?ParTree=151311&i=34227523841000211
ضسان7012,http://www.tsetmc.com/loader.aspx?ParTree=151311&i=35266451296849093
ضبدر8005,http://www.tsetmc.com/loader.aspx?ParTree=151311&i=57661968603569753
ضبدر8004,http://www.tsetmc.com/loader.aspx?ParTree=151311&i=62061723346619900
ضبدر8003,http://www.tsetmc.com/loader.aspx?ParTree=151311&i=71247653239385789
صيدك1404,http://www.tsetmc.com/loader.aspx?ParTree=151311&i=66362433671981035
صنوين,http://www.tsetmc.com/loader.aspx?ParTree=151311&i=68203878405672734
صملي9709,http://www.tsetmc.com/loader.aspx?ParTree=151311&i=41871398389957451
صشرق99,http://www.tsetmc.com/loader.aspx?ParTree=151311&i=15424938732223941
صدانا98,http://www.tsetmc.com/loader.aspx?ParTree=151311&i=66896068357534899
صخود412,http://www.tsetmc.com/loader.aspx?ParTree=151311&i=52365266148848270
صخابر102,http://www.tsetmc.com/loader.aspx?ParTree=151311&i=40601326015230157
صخابر,http://www.tsetmc.com/loader.aspx?ParTree=151311&i=26890571579123884
صايند,http://www.tsetmc.com/loader.aspx?ParTree=151311&i=45205530868811305
صايتل902,http://www.tsetmc.com/loader.aspx?ParTree=151311&i=30506910505599743
صايتل2,http://www.tsetmc.com/loader.aspx?ParTree=151311&i=25566372891613380
صاميا,http://www.tsetmc.com/loader.aspx?ParTree=151311&i=33920853605850297
شگل,http://www.tsetmc.com/loader.aspx?ParTree=151311&i=44153164692325703
شپنا,http://www.tsetmc.com/loader.aspx?ParTree=151311&i=7745894403636165
شپلي,http://www.tsetmc.com/loader.aspx?ParTree=151311&i=28845264556937486
شپديس,http://www.tsetmc.com/loader.aspx?ParTree=151311&i=20562694899904339
شپترو,http://www.tsetmc.com/loader.aspx?ParTree=151311&i=11640540339380126
شپاكسا,http://www.tsetmc.com/loader.aspx?ParTree=151311&i=11622051128546106
شپاس,http://www.tsetmc.com/loader.aspx?ParTree=151311&i=35178706978554988
شپارس,http://www.tsetmc.com/loader.aspx?ParTree=151311&i=61102694810476197
شيران,http://www.tsetmc.com/loader.aspx?ParTree=151311&i=35796086458096255
شوينده,http://www.tsetmc.com/loader.aspx?ParTree=151311&i=3493306453706327
شوش,http://www.tsetmc.com/loader.aspx?ParTree=151311&i=67860847807098194
شنفت,http://www.tsetmc.com/loader.aspx?ParTree=151311&i=14073782708315535
شمواد,http://www.tsetmc.com/loader.aspx?ParTree=151311&i=28251956446987982
شليا,http://www.tsetmc.com/loader.aspx?ParTree=151311&i=50357669250352454
شلرد,http://www.tsetmc.com/loader.aspx?ParTree=151311&i=56429431740318486
شكلر,http://www.tsetmc.com/loader.aspx?ParTree=151311&i=62177651435283872
شكربن,http://www.tsetmc.com/loader.aspx?ParTree=151311&i=27308217070238237
شكبير,http://www.tsetmc.com/loader.aspx?ParTree=151311&i=56574323121551263
شفن,http://www.tsetmc.com/loader.aspx?ParTree=151311&i=65122215875355555
شفارس,http://www.tsetmc.com/loader.aspx?ParTree=151311&i=43781018754867729
شفارا,http://www.tsetmc.com/loader.aspx?ParTree=151311&i=67965884006655065
شفا,http://www.tsetmc.com/loader.aspx?ParTree=151311&i=36899214178084525
شصفها,http://www.tsetmc.com/loader.aspx?ParTree=151311&i=18346219759153870
شسپا,http://www.tsetmc.com/loader.aspx?ParTree=151311&i=49188729526980541
شسينا,http://www.tsetmc.com/loader.aspx?ParTree=151311&i=30974710508383145
شستان,http://www.tsetmc.com/loader.aspx?ParTree=151311&i=3173544097113770
شزنگ,http://www.tsetmc.com/loader.aspx?ParTree=151311&i=65490886290565185
شرنگي,http://www.tsetmc.com/loader.aspx?ParTree=151311&i=40025799067544201
شرق1400,http://www.tsetmc.com/loader.aspx?ParTree=151311&i=7715968593254705
شراز,http://www.tsetmc.com/loader.aspx?ParTree=151311&i=33683240001985963
شدوص,http://www.tsetmc.com/loader.aspx?ParTree=151311&i=40611478183231802
شخارك,http://www.tsetmc.com/loader.aspx?ParTree=151311&i=70934270174405743
شجم,http://www.tsetmc.com/loader.aspx?ParTree=151311&i=49244604018250364
شتولي,http://www.tsetmc.com/loader.aspx?ParTree=151311&i=66210395067138534
شتوكا,http://www.tsetmc.com/loader.aspx?ParTree=151311&i=38555056423456635
شتران,http://www.tsetmc.com/loader.aspx?ParTree=151311&i=51617145873056483
شبهرنح,http://www.tsetmc.com/loader.aspx?ParTree=151311&i=20300372560291314
شبهرن,http://www.tsetmc.com/loader.aspx?ParTree=151311&i=22667016906590506
شبندر,http://www.tsetmc.com/loader.aspx?ParTree=151311&i=35366681030756042
شبريز,http://www.tsetmc.com/loader.aspx?ParTree=151311&i=48753732042176709
شاوان,http://www.tsetmc.com/loader.aspx?ParTree=151311&i=60247433951600827
شاملا,http://www.tsetmc.com/loader.aspx?ParTree=151311&i=16959429956899455
شاراك,http://www.tsetmc.com/loader.aspx?ParTree=151311&i=7711282667602555
سپرمي,http://www.tsetmc.com/loader.aspx?ParTree=151311&i=27668158733246204
سپاها,http://www.tsetmc.com/loader.aspx?ParTree=151311&i=35669480110084448
سپ,http://www.tsetmc.com/loader.aspx?ParTree=151311&i=71856634742001725
سيلام,http://www.tsetmc.com/loader.aspx?ParTree=151311&i=14617104402836487
سيستم,http://www.tsetmc.com/loader.aspx?ParTree=151311&i=47749661205825616
سيدكو,http://www.tsetmc.com/loader.aspx?ParTree=151311&i=37281199178613855
سهگمت,http://www.tsetmc.com/loader.aspx?ParTree=151311&i=41284516796232939
سهرمز,http://www.tsetmc.com/loader.aspx?ParTree=151311&i=29747059672582491
سمگا,http://www.tsetmc.com/loader.aspx?ParTree=151311&i=46741025610365786
سلامت4,http://www.tsetmc.com/loader.aspx?ParTree=151311&i=23791232955302467
سكه9812-03,http://www.tsetmc.com/loader.aspx?ParTree=151311&i=9657290597210645
سكه9712-01,http://www.tsetmc.com/loader.aspx?ParTree=151311&i=18571988112728978
سكرما,http://www.tsetmc.com/loader.aspx?ParTree=151311&i=15472396110662150
سكردح,http://www.tsetmc.com/loader.aspx?ParTree=151311&i=67682387713029178
سكرد,http://www.tsetmc.com/loader.aspx?ParTree=151311&i=65321970913593427
سقاين,http://www.tsetmc.com/loader.aspx?ParTree=151311&i=60654872678917533
سفانو,http://www.tsetmc.com/loader.aspx?ParTree=151311&i=4528607775462304
سفارود,http://www.tsetmc.com/loader.aspx?ParTree=151311&i=4686607974846832
سفارس,http://www.tsetmc.com/loader.aspx?ParTree=151311&i=15521712617204216
سغرب,http://www.tsetmc.com/loader.aspx?ParTree=151311&i=52220424531578944
سصوفي,http://www.tsetmc.com/loader.aspx?ParTree=151311&i=13227300125161435
سصفها,http://www.tsetmc.com/loader.aspx?ParTree=151311&i=10568944722570445
سشمال,http://www.tsetmc.com/loader.aspx?ParTree=151311&i=6757220448540984
سشرق,http://www.tsetmc.com/loader.aspx?ParTree=151311&i=26997316501080743
سرچشمهح,http://www.tsetmc.com/loader.aspx?ParTree=151311&i=70213691654258282
سرچشمه,http://www.tsetmc.com/loader.aspx?ParTree=151311&i=35948133957468680
سرود,http://www.tsetmc.com/loader.aspx?ParTree=151311&i=11964419322927535
سدور,http://www.tsetmc.com/loader.aspx?ParTree=151311&i=27218386411183410
سدشت,http://www.tsetmc.com/loader.aspx?ParTree=151311&i=27000326841257664
سدبير,http://www.tsetmc.com/loader.aspx?ParTree=151311&i=64341992373049080
سخوز,http://www.tsetmc.com/loader.aspx?ParTree=151311&i=41974758296041288
سخواف,http://www.tsetmc.com/loader.aspx?ParTree=151311&i=55959112038778737
سخزر,http://www.tsetmc.com/loader.aspx?ParTree=151311&i=67327029014085707
سخاب7,http://www.tsetmc.com/loader.aspx?ParTree=151311&i=50900491532725578
سجام,http://www.tsetmc.com/loader.aspx?ParTree=151311&i=20034264486679145
ستران,http://www.tsetmc.com/loader.aspx?ParTree=151311&i=30829203706095076
سبهان,http://www.tsetmc.com/loader.aspx?ParTree=151311&i=32525655729432562
سبزوا,http://www.tsetmc.com/loader.aspx?ParTree=151311&i=611986653700161
سبجنو,http://www.tsetmc.com/loader.aspx?ParTree=151311&i=66295665969375744
سباقر,http://www.tsetmc.com/loader.aspx?ParTree=151311&i=24807173016704795
ساينا,http://www.tsetmc.com/loader.aspx?ParTree=151311&i=64298008532791199
سايرا,http://www.tsetmc.com/loader.aspx?ParTree=151311&i=62558705479545830
ساروم,http://www.tsetmc.com/loader.aspx?ParTree=151311&i=15949743338644220
ساروج,http://www.tsetmc.com/loader.aspx?ParTree=151311&i=44802346787824971
ساربيل,http://www.tsetmc.com/loader.aspx?ParTree=151311&i=34890845654517313
ساراب,http://www.tsetmc.com/loader.aspx?ParTree=151311&i=4563413583000719
زگلدشت,http://www.tsetmc.com/loader.aspx?ParTree=151311&i=10024128313803797
زنگان,http://www.tsetmc.com/loader.aspx?ParTree=151311&i=67170215467608124
زنجان,http://www.tsetmc.com/loader.aspx?ParTree=151311&i=12303918642491681
زمگسا,http://www.tsetmc.com/loader.aspx?ParTree=151311&i=5054819322815158
زعف9708پ07,http://www.tsetmc.com/loader.aspx?ParTree=151311&i=39315929119729381
زعف9708پ06,http://www.tsetmc.com/loader.aspx?ParTree=151311&i=15609576420461592
زعف9708پ05,http://www.tsetmc.com/loader.aspx?ParTree=151311&i=41723069826937448
زعف9708پ04,http://www.tsetmc.com/loader.aspx?ParTree=151311&i=64754687345521037
زعف9708پ03,http://www.tsetmc.com/loader.aspx?ParTree=151311&i=62774595051944636
زشگزا,http://www.tsetmc.com/loader.aspx?ParTree=151311&i=26259366519412975
زر,http://www.tsetmc.com/loader.aspx?ParTree=151311&i=33254899395816171
زاگرس,http://www.tsetmc.com/loader.aspx?ParTree=151311&i=13235547361447092
ريشمك,http://www.tsetmc.com/loader.aspx?ParTree=151311&i=6478064539164167
ركيش,http://www.tsetmc.com/loader.aspx?ParTree=151311&i=27952969918967492
رکیش,http://www.tsetmc.com/loader.aspx?ParTree=151311&i=27952969918967492
رتكو,http://www.tsetmc.com/loader.aspx?ParTree=151311&i=3823243780502959
رتاپ,http://www.tsetmc.com/loader.aspx?ParTree=151311&i=41048299027409941
رايان,http://www.tsetmc.com/loader.aspx?ParTree=151311&i=60599922282667900
رانفور,http://www.tsetmc.com/loader.aspx?ParTree=151311&i=40505767672724777
ذوب,http://www.tsetmc.com/loader.aspx?ParTree=151311&i=9211775239375291
دپارس,http://www.tsetmc.com/loader.aspx?ParTree=151311&i=70474983732269112
ديران,http://www.tsetmc.com/loader.aspx?ParTree=151311&i=69090868458637360
دهدشت,http://www.tsetmc.com/loader.aspx?ParTree=151311&i=15374483986949695
دماوند,http://www.tsetmc.com/loader.aspx?ParTree=151311&i=66142616039907394
دلقما,http://www.tsetmc.com/loader.aspx?ParTree=151311&i=29247915161590165
دلر,http://www.tsetmc.com/loader.aspx?ParTree=151311&i=4384288570322406
دكيمي,http://www.tsetmc.com/loader.aspx?ParTree=151311&i=20024911381434086
دكوثر,http://www.tsetmc.com/loader.aspx?ParTree=151311&i=23353689102956991
دقاضي,http://www.tsetmc.com/loader.aspx?ParTree=151311&i=64289770858657141
دفرا,http://www.tsetmc.com/loader.aspx?ParTree=151311&i=18303237082155264
دفارا,http://www.tsetmc.com/loader.aspx?ParTree=151311&i=56550776668133562
دعبيد,http://www.tsetmc.com/loader.aspx?ParTree=151311&i=49054891736433700
دشيمي,http://www.tsetmc.com/loader.aspx?ParTree=151311&i=33603212156438463
دشيري,http://www.tsetmc.com/loader.aspx?ParTree=151311&i=63084741752814852
دسينا,http://www.tsetmc.com/loader.aspx?ParTree=151311&i=11432067920374603
دسبحان,http://www.tsetmc.com/loader.aspx?ParTree=151311&i=5866848234665627
دسانكو,http://www.tsetmc.com/loader.aspx?ParTree=151311&i=47348197320716810
دزهراوي,http://www.tsetmc.com/loader.aspx?ParTree=151311&i=8915450910866216
دروز,http://www.tsetmc.com/loader.aspx?ParTree=151311&i=40262275031537922
درازك,http://www.tsetmc.com/loader.aspx?ParTree=151311&i=22255783119783047
ددام,http://www.tsetmc.com/loader.aspx?ParTree=151311&i=66450490505950110
دجابر,http://www.tsetmc.com/loader.aspx?ParTree=151311&i=33406621820337161
دتوليد,http://www.tsetmc.com/loader.aspx?ParTree=151311&i=18093681647131179
دتماد,http://www.tsetmc.com/loader.aspx?ParTree=151311&i=34641719089573667
دانا,http://www.tsetmc.com/loader.aspx?ParTree=151311&i=48511238766369097
دالبر,http://www.tsetmc.com/loader.aspx?ParTree=151311&i=60451823714332895
دارو,http://www.tsetmc.com/loader.aspx?ParTree=151311&i=67988012428906654
داراب,http://www.tsetmc.com/loader.aspx?ParTree=151311&i=27299841173245405
دابور,http://www.tsetmc.com/loader.aspx?ParTree=151311&i=61332057061846617
خگستر,http://www.tsetmc.com/loader.aspx?ParTree=151311&i=48990026850202503
خچرخش,http://www.tsetmc.com/loader.aspx?ParTree=151311&i=33783140337377394
خپويش,http://www.tsetmc.com/loader.aspx?ParTree=151311&i=4758266259250794
خپارس,http://www.tsetmc.com/loader.aspx?ParTree=151311&i=42354736493447489
خوساز,http://www.tsetmc.com/loader.aspx?ParTree=151311&i=31879190587976736
خودكفا,http://www.tsetmc.com/loader.aspx?ParTree=151311&i=22956708386610464
خودرو,http://www.tsetmc.com/loader.aspx?ParTree=151311&i=65883838195688438
خنصير,http://www.tsetmc.com/loader.aspx?ParTree=151311&i=17834623106317041
خموتور,http://www.tsetmc.com/loader.aspx?ParTree=151311&i=57273529732791251
خمهر,http://www.tsetmc.com/loader.aspx?ParTree=151311&i=17330546482145553
خمحور,http://www.tsetmc.com/loader.aspx?ParTree=151311&i=7457232989848872
خلنت,http://www.tsetmc.com/loader.aspx?ParTree=151311&i=14957056743925737
خكمك,http://www.tsetmc.com/loader.aspx?ParTree=151311&i=19257295292088310
خكاوه,http://www.tsetmc.com/loader.aspx?ParTree=151311&i=51922189364308501
خكار,http://www.tsetmc.com/loader.aspx?ParTree=151311&i=59217041815333317
خفولا,http://www.tsetmc.com/loader.aspx?ParTree=151311&i=23049019886587905
خعمرا,http://www.tsetmc.com/loader.aspx?ParTree=151311&i=6433335428452486
خصدرا,http://www.tsetmc.com/loader.aspx?ParTree=151311&i=2318736941376687
خشرقح,http://www.tsetmc.com/loader.aspx?ParTree=151311&i=36675444072965904
خشرق,http://www.tsetmc.com/loader.aspx?ParTree=151311&i=63915926161403347
خساپا,http://www.tsetmc.com/loader.aspx?ParTree=151311&i=44891482026867833
خزر,http://www.tsetmc.com/loader.aspx?ParTree=151311&i=32821908911812078
خزاميا,http://www.tsetmc.com/loader.aspx?ParTree=151311&i=2589887561569709
خرينگ,http://www.tsetmc.com/loader.aspx?ParTree=151311&i=45895339414786358
خريخت,http://www.tsetmc.com/loader.aspx?ParTree=151311&i=12752224677923341
خراسان,http://www.tsetmc.com/loader.aspx?ParTree=151311&i=18865378787186640
خديزل,http://www.tsetmc.com/loader.aspx?ParTree=151311&i=38084304113529336
ختوقا,http://www.tsetmc.com/loader.aspx?ParTree=151311&i=70289374539527245
ختور,http://www.tsetmc.com/loader.aspx?ParTree=151311&i=50185721305191887
ختراك,http://www.tsetmc.com/loader.aspx?ParTree=151311&i=22903901709044823
خبهمن,http://www.tsetmc.com/loader.aspx?ParTree=151311&i=26824673819862694
خاور,http://www.tsetmc.com/loader.aspx?ParTree=151311&i=67059303301834130
خاهنح,http://www.tsetmc.com/loader.aspx?ParTree=151311&i=29716513021318095
خاهن,http://www.tsetmc.com/loader.aspx?ParTree=151311&i=7483280423474368
خاذين,http://www.tsetmc.com/loader.aspx?ParTree=151311&i=42075223783409640
حپترو,http://www.tsetmc.com/loader.aspx?ParTree=151311&i=16369313804633525
حپارسا,http://www.tsetmc.com/loader.aspx?ParTree=151311&i=917857106093847
حكمت,http://www.tsetmc.com/loader.aspx?ParTree=151311&i=7881099657101647
حكشتي,http://www.tsetmc.com/loader.aspx?ParTree=151311&i=60610861509165508
حفاري,http://www.tsetmc.com/loader.aspx?ParTree=151311&i=28809886765682162
حسينا,http://www.tsetmc.com/loader.aspx?ParTree=151311&i=1625149423498289
حرهشا,http://www.tsetmc.com/loader.aspx?ParTree=151311&i=30443839313522574
حخزر,http://www.tsetmc.com/loader.aspx?ParTree=151311&i=28253678449273505
حتوكا,http://www.tsetmc.com/loader.aspx?ParTree=151311&i=22260326095996531
حتايد,http://www.tsetmc.com/loader.aspx?ParTree=151311&i=3722699128879020
حتاید,http://www.tsetmc.com/loader.aspx?ParTree=151311&i=3722699128879020
حبندر,http://www.tsetmc.com/loader.aspx?ParTree=151311&i=63704201144621295
حاريا,http://www.tsetmc.com/loader.aspx?ParTree=151311&i=56798822689379375
حآسا,http://www.tsetmc.com/loader.aspx?ParTree=151311&i=44625249840480397
جوپار99,http://www.tsetmc.com/loader.aspx?ParTree=151311&i=39801771451196931
جهرم,http://www.tsetmc.com/loader.aspx?ParTree=151311&i=49674915481184052
جم,http://www.tsetmc.com/loader.aspx?ParTree=151311&i=32357363984168442
ثپرديس,http://www.tsetmc.com/loader.aspx?ParTree=151311&i=53999651992586159
ثنوسا,http://www.tsetmc.com/loader.aspx?ParTree=151311&i=32845891587040106
ثنور,http://www.tsetmc.com/loader.aspx?ParTree=151311&i=63315013743060811
ثنظام,http://www.tsetmc.com/loader.aspx?ParTree=151311&i=45066064863062755
ثنام,http://www.tsetmc.com/loader.aspx?ParTree=151311&i=831325835570803
ثمسكن,http://www.tsetmc.com/loader.aspx?ParTree=151311&i=3863538898378476
ثقزوي,http://www.tsetmc.com/loader.aspx?ParTree=151311&i=12965822877128721
ثفارس,http://www.tsetmc.com/loader.aspx?ParTree=151311&i=30852391633490755
ثغرب,http://www.tsetmc.com/loader.aspx?ParTree=151311&i=17939384202383793
ثعمرا,http://www.tsetmc.com/loader.aspx?ParTree=151311&i=15726796686853780
ثعتما,http://www.tsetmc.com/loader.aspx?ParTree=151311&i=64707090254488560
ثشرق,http://www.tsetmc.com/loader.aspx?ParTree=151311&i=6043384171800349
ثشاهد,http://www.tsetmc.com/loader.aspx?ParTree=151311&i=63481599728522324
ثزاگرس,http://www.tsetmc.com/loader.aspx?ParTree=151311&i=28854105556435129
ثرود,http://www.tsetmc.com/loader.aspx?ParTree=151311&i=18883380772506226
ثتوسا,http://www.tsetmc.com/loader.aspx?ParTree=151311&i=47702059190622416
ثتران,http://www.tsetmc.com/loader.aspx?ParTree=151311&i=20926459161497908
ثباغ,http://www.tsetmc.com/loader.aspx?ParTree=151311&i=68909035712962732
ثاژن,http://www.tsetmc.com/loader.aspx?ParTree=151311&i=22215980602177059
ثامان,http://www.tsetmc.com/loader.aspx?ParTree=151311&i=66456062140680461
ثالوند,http://www.tsetmc.com/loader.aspx?ParTree=151311&i=16693610252404739
ثاصفا,http://www.tsetmc.com/loader.aspx?ParTree=151311&i=7503669593172728
ثاخت,http://www.tsetmc.com/loader.aspx?ParTree=151311&i=17800036702302776
ثاباد,http://www.tsetmc.com/loader.aspx?ParTree=151311&i=59612098290740355
تپولا,http://www.tsetmc.com/loader.aspx?ParTree=151311&i=22308305646551497
تپمپي,http://www.tsetmc.com/loader.aspx?ParTree=151311&i=43062880954780884
تپكو,http://www.tsetmc.com/loader.aspx?ParTree=151311&i=54509759694064219
تيپيكو,http://www.tsetmc.com/loader.aspx?ParTree=151311&i=29758477602878557
توسعه,http://www.tsetmc.com/loader.aspx?ParTree=151311&i=7769065543658313
توريل,http://www.tsetmc.com/loader.aspx?ParTree=151311&i=37389789764168256
تهران812,http://www.tsetmc.com/loader.aspx?ParTree=151311&i=61496765427212157
تهران811,http://www.tsetmc.com/loader.aspx?ParTree=151311&i=64551943070423993
تملي702,http://www.tsetmc.com/loader.aspx?ParTree=151311&i=53892173815383358
تملي701,http://www.tsetmc.com/loader.aspx?ParTree=151311&i=69399924050316081
تملي612,http://www.tsetmc.com/loader.aspx?ParTree=151311&i=143187001116603
تمحركه,http://www.tsetmc.com/loader.aspx?ParTree=151311&i=15826229869421585
تكنو,http://www.tsetmc.com/loader.aspx?ParTree=151311&i=3654864906585643
تكنار,http://www.tsetmc.com/loader.aspx?ParTree=151311&i=52455922800537930
تكمبا,http://www.tsetmc.com/loader.aspx?ParTree=151311&i=30719054967088301
تكشا,http://www.tsetmc.com/loader.aspx?ParTree=151311&i=62258804563636993
تشتاد,http://www.tsetmc.com/loader.aspx?ParTree=151311&i=66127247173352975
تسه9702,http://www.tsetmc.com/loader.aspx?ParTree=151311&i=39604494485558197
تسه9701,http://www.tsetmc.com/loader.aspx?ParTree=151311&i=11332953223903902
تسه9612,http://www.tsetmc.com/loader.aspx?ParTree=151311&i=48338606859106961
تسه9611,http://www.tsetmc.com/loader.aspx?ParTree=151311&i=55848849021200650
تسه9610,http://www.tsetmc.com/loader.aspx?ParTree=151311&i=19920168236103182
تسه9609,http://www.tsetmc.com/loader.aspx?ParTree=151311&i=24794536744903047
تسه9608,http://www.tsetmc.com/loader.aspx?ParTree=151311&i=10831551130410639
تسه9607,http://www.tsetmc.com/loader.aspx?ParTree=151311&i=37998178264888078
تسه9606,http://www.tsetmc.com/loader.aspx?ParTree=151311&i=61978257933030834
تسه9605,http://www.tsetmc.com/loader.aspx?ParTree=151311&i=40346507120206669
تسه9604,http://www.tsetmc.com/loader.aspx?ParTree=151311&i=21851863906501460
تسه9603,http://www.tsetmc.com/loader.aspx?ParTree=151311&i=16725382720692568
تسه9602,http://www.tsetmc.com/loader.aspx?ParTree=151311&i=47245955682789926
تسه9601,http://www.tsetmc.com/loader.aspx?ParTree=151311&i=68151613203549690
تسه9512,http://www.tsetmc.com/loader.aspx?ParTree=151311&i=30038978589192551
تسه9511,http://www.tsetmc.com/loader.aspx?ParTree=151311&i=21350214000597969
تسه9510,http://www.tsetmc.com/loader.aspx?ParTree=151311&i=31723276281575803
تسه9509,http://www.tsetmc.com/loader.aspx?ParTree=151311&i=37219684915629654
تسه9508,http://www.tsetmc.com/loader.aspx?ParTree=151311&i=14825024264732797
تسه9507,http://www.tsetmc.com/loader.aspx?ParTree=151311&i=27157296306913953
تسه9506,http://www.tsetmc.com/loader.aspx?ParTree=151311&i=8817369445940242
تسه9505,http://www.tsetmc.com/loader.aspx?ParTree=151311&i=7420013136569528
تسه9504,http://www.tsetmc.com/loader.aspx?ParTree=151311&i=17217689629682758
تجار,http://www.tsetmc.com/loader.aspx?ParTree=151311&i=34621618468546063
تبريز97,http://www.tsetmc.com/loader.aspx?ParTree=151311&i=11362390613365284
تبرك,http://www.tsetmc.com/loader.aspx?ParTree=151311&i=53204330224889981
تاپيكو,http://www.tsetmc.com/loader.aspx?ParTree=151311&i=22560050433388046
تايرا,http://www.tsetmc.com/loader.aspx?ParTree=151311&i=19298748452450329
تامين97,http://www.tsetmc.com/loader.aspx?ParTree=151311&i=48219000037413706
تابا,http://www.tsetmc.com/loader.aspx?ParTree=151311&i=51459202425114449
بپاس,http://www.tsetmc.com/loader.aspx?ParTree=151311&i=51971068201094874
بورس,http://www.tsetmc.com/loader.aspx?ParTree=151311&i=60523145697836739
بهپاك,http://www.tsetmc.com/loader.aspx?ParTree=151311&i=12746730665870442
بنيرو,http://www.tsetmc.com/loader.aspx?ParTree=151311&i=20453828618330936
بمپنا,http://www.tsetmc.com/loader.aspx?ParTree=151311&i=39807886630843041
بميلا,http://www.tsetmc.com/loader.aspx?ParTree=151311&i=16553062355259729
بموتو,http://www.tsetmc.com/loader.aspx?ParTree=151311&i=22086876724551482
بكهنوج,http://www.tsetmc.com/loader.aspx?ParTree=151311&i=7628308021169118
بكام,http://www.tsetmc.com/loader.aspx?ParTree=151311&i=22382156782768756
بكاب,http://www.tsetmc.com/loader.aspx?ParTree=151311&i=70219663893822560
بفجر,http://www.tsetmc.com/loader.aspx?ParTree=151311&i=46178280540110577
بشهاب,http://www.tsetmc.com/loader.aspx?ParTree=151311&i=69454539056549106
بسويچ,http://www.tsetmc.com/loader.aspx?ParTree=151311&i=47377315952751604
بساما,http://www.tsetmc.com/loader.aspx?ParTree=151311&i=41625340598198551
بركت,http://www.tsetmc.com/loader.aspx?ParTree=151311&i=34557241988629814
بخاور,http://www.tsetmc.com/loader.aspx?ParTree=151311&i=45452485689363029
بترانس,http://www.tsetmc.com/loader.aspx?ParTree=151311&i=46752599569017089
بالبر,http://www.tsetmc.com/loader.aspx?ParTree=151311&i=62952165421099192
بالاس,http://www.tsetmc.com/loader.aspx?ParTree=151311&i=8646067353086740
اپرداز,http://www.tsetmc.com/loader.aspx?ParTree=151311&i=63830424809501048
اوان,http://www.tsetmc.com/loader.aspx?ParTree=151311&i=69847139870135237
انرژي3,http://www.tsetmc.com/loader.aspx?ParTree=151311&i=39171819040364290
انرژي1,http://www.tsetmc.com/loader.aspx?ParTree=151311&i=33343732576627331
امين يكم,http://www.tsetmc.com/loader.aspx?ParTree=151311&i=45728383369147894
اميد,http://www.tsetmc.com/loader.aspx?ParTree=151311&i=18599703143458101
البرز,http://www.tsetmc.com/loader.aspx?ParTree=151311&i=70270965300262393
افق ملت,http://www.tsetmc.com/loader.aspx?ParTree=151311&i=15451317146134956
افرا,http://www.tsetmc.com/loader.aspx?ParTree=151311&i=52792903131341205
افاد1,http://www.tsetmc.com/loader.aspx?ParTree=151311&i=16303324355390262
اعتماد,http://www.tsetmc.com/loader.aspx?ParTree=151311&i=66818022341772870
اعتلا,http://www.tsetmc.com/loader.aspx?ParTree=151311&i=36773155987365094
اطلس,http://www.tsetmc.com/loader.aspx?ParTree=151311&i=11427939669935844
اشاد92,http://www.tsetmc.com/loader.aspx?ParTree=151311&i=35557019220393916
اشاد9,http://www.tsetmc.com/loader.aspx?ParTree=151311&i=22164355468450959
اشاد72,http://www.tsetmc.com/loader.aspx?ParTree=151311&i=33779713456884758
اشاد6,http://www.tsetmc.com/loader.aspx?ParTree=151311&i=14798249266057986
اشاد5,http://www.tsetmc.com/loader.aspx?ParTree=151311&i=27646919277667844
اشاد3,http://www.tsetmc.com/loader.aspx?ParTree=151311&i=8027198225150004
اشاد1,http://www.tsetmc.com/loader.aspx?ParTree=151311&i=7902182071079987
ارفع,http://www.tsetmc.com/loader.aspx?ParTree=151311&i=59266699437480384
اخزا615,http://www.tsetmc.com/loader.aspx?ParTree=151311&i=17043857246932770
اخزا614,http://www.tsetmc.com/loader.aspx?ParTree=151311&i=70718604552494663
اخزا613,http://www.tsetmc.com/loader.aspx?ParTree=151311&i=52926262870725809
اخزا612,http://www.tsetmc.com/loader.aspx?ParTree=151311&i=56918976818189623
اخزا611,http://www.tsetmc.com/loader.aspx?ParTree=151311&i=17904282097680670
اخزا610,http://www.tsetmc.com/loader.aspx?ParTree=151311&i=22390160904430441
اخزا609,http://www.tsetmc.com/loader.aspx?ParTree=151311&i=57524237583720590
اخزا608,http://www.tsetmc.com/loader.aspx?ParTree=151311&i=17081426540353962
اخزا607,http://www.tsetmc.com/loader.aspx?ParTree=151311&i=45893661131576391
اخزا606,http://www.tsetmc.com/loader.aspx?ParTree=151311&i=8245207996110059
اخزا605,http://www.tsetmc.com/loader.aspx?ParTree=151311&i=5142626877687530
اخزا604,http://www.tsetmc.com/loader.aspx?ParTree=151311&i=50901262974265397
اخزا603,http://www.tsetmc.com/loader.aspx?ParTree=151311&i=17249155357009439
اخزا602,http://www.tsetmc.com/loader.aspx?ParTree=151311&i=17093476882666751
اخزا601,http://www.tsetmc.com/loader.aspx?ParTree=151311&i=18609068995507506
اجاد42,http://www.tsetmc.com/loader.aspx?ParTree=151311&i=19024886606470752
اجاد22,http://www.tsetmc.com/loader.aspx?ParTree=151311&i=48456605452591386
اجاد1,http://www.tsetmc.com/loader.aspx?ParTree=151311&i=56033738624803469
اتكاي,http://www.tsetmc.com/loader.aspx?ParTree=151311&i=39751275523025334
اتكام,http://www.tsetmc.com/loader.aspx?ParTree=151311&i=46772701938567445
آگاس,http://www.tsetmc.com/loader.aspx?ParTree=151311&i=33887145736684266
آپ,http://www.tsetmc.com/loader.aspx?ParTree=151311&i=55254206302462116
آكورد2,http://www.tsetmc.com/loader.aspx?ParTree=151311&i=61218005473404311
آكورد,http://www.tsetmc.com/loader.aspx?ParTree=151311&i=30282299500988269
آسيا,http://www.tsetmc.com/loader.aspx?ParTree=151311&i=51106317433079213
آساس,http://www.tsetmc.com/loader.aspx?ParTree=151311&i=66682662312253625
آبين,http://www.tsetmc.com/loader.aspx?ParTree=151311&i=9987529074833218
آ س پ,http://www.tsetmc.com/loader.aspx?ParTree=151311&i=17617474823279712
ولساپاح,http://www.tsetmc.com/Loader.aspx?ParTree=151311&i=59957747873181306
دی,http://www.tsetmc.com/Loader.aspx?ParTree=151311&i=44818950263583523